name,online_order,book_table,rating,votes,phone,location,type,dish_liked,cuisines,approx_cost_two_people
Vinny's,Yes,Yes,4.2,2130,080 26716795,Banashankari,Casual Dining,"Pizza, Pasta, Garlic Bread, Nachos, Penne Alfredo, Mozzarella Sticks, Salad","Pizza, Italian, Continental, Desserts",800
Vinny's,Yes,Yes,4.2,2123,080 26716795,Banashankari,Casual Dining,"Pizza, Pasta, Garlic Bread, Nachos, Penne Alfredo, Mozzarella Sticks, Salad","Pizza, Italian, Continental, Desserts",800
Vinny's,Yes,Yes,4.2,2115,080 26716795,Banashankari,Casual Dining,"Pizza, Pasta, Garlic Bread, Nachos, Penne Alfredo, Mozzarella Sticks, Salad","Pizza, Italian, Continental, Desserts",800
Vinny's,Yes,Yes,4.2,2115,080 26716795,Banashankari,Casual Dining,"Pizza, Pasta, Garlic Bread, Nachos, Penne Alfredo, Mozzarella Sticks, Salad","Pizza, Italian, Continental, Desserts",800
Vinny's,Yes,Yes,4.2,2115,080 26716795,Banashankari,Casual Dining,"Pizza, Pasta, Garlic Bread, Nachos, Penne Alfredo, Mozzarella Sticks, Salad","Pizza, Italian, Continental, Desserts",800
Vinny's,Yes,Yes,4.2,2115,080 26716795,Banashankari,Casual Dining,"Pizza, Pasta, Garlic Bread, Nachos, Penne Alfredo, Mozzarella Sticks, Salad","Pizza, Italian, Continental, Desserts",800
San Churro Cafe,Yes,No,3.8,924,+91 9663487993,Banashankari,"Cafe, Casual Dining","Churros, Cannelloni, Minestrone Soup, Hot Chocolate, Pizza, Pink Sauce Pasta, Salsa","Cafe, Mexican, Italian",800
San Churro Cafe,Yes,No,3.8,918,+91 9663487993,Banashankari,"Cafe, Casual Dining","Churros, Cannelloni, Minestrone Soup, Hot Chocolate, Pink Sauce Pasta, Salsa, Veg Supreme Pizza","Cafe, Mexican, Italian",800
San Churro Cafe,Yes,No,3.8,918,+91 9663487993,Banashankari,"Cafe, Casual Dining","Churros, Cannelloni, Minestrone Soup, Hot Chocolate, Pink Sauce Pasta, Salsa, Veg Supreme Pizza","Cafe, Mexican, Italian",800
San Churro Cafe,Yes,No,3.8,918,+91 9663487993,Banashankari,"Cafe, Casual Dining","Churros, Cannelloni, Minestrone Soup, Hot Chocolate, Pink Sauce Pasta, Salsa, Veg Supreme Pizza","Cafe, Mexican, Italian",800
San Churro Cafe,Yes,No,3.8,918,+91 9663487993,Banashankari,"Cafe, Casual Dining","Churros, Cannelloni, Minestrone Soup, Hot Chocolate, Pink Sauce Pasta, Salsa, Veg Supreme Pizza","Cafe, Mexican, Italian",800
San Churro Cafe,Yes,No,3.8,918,+91 9663487993,Banashankari,"Cafe, Casual Dining","Churros, Cannelloni, Minestrone Soup, Hot Chocolate, Pink Sauce Pasta, Salsa, Veg Supreme Pizza","Cafe, Mexican, Italian",800
San Churro Cafe,Yes,No,3.8,918,+91 9663487993,Banashankari,"Cafe, Casual Dining","Churros, Cannelloni, Minestrone Soup, Hot Chocolate, Pink Sauce Pasta, Salsa, Veg Supreme Pizza","Cafe, Mexican, Italian",800
San Churro Cafe,Yes,No,3.8,918,+91 9663487993,Banashankari,"Cafe, Casual Dining","Churros, Cannelloni, Minestrone Soup, Hot Chocolate, Pink Sauce Pasta, Salsa, Veg Supreme Pizza","Cafe, Mexican, Italian",800
San Churro Cafe,Yes,No,3.8,918,+91 9663487993,Banashankari,"Cafe, Casual Dining","Churros, Cannelloni, Minestrone Soup, Hot Chocolate, Pink Sauce Pasta, Salsa, Veg Supreme Pizza","Cafe, Mexican, Italian",800
San Churro Cafe,Yes,No,3.8,918,+91 9663487993,Banashankari,"Cafe, Casual Dining","Churros, Cannelloni, Minestrone Soup, Hot Chocolate, Pink Sauce Pasta, Salsa, Veg Supreme Pizza","Cafe, Mexican, Italian",800
San Churro Cafe,Yes,No,3.8,918,+91 9663487993,Banashankari,"Cafe, Casual Dining","Churros, Cannelloni, Minestrone Soup, Hot Chocolate, Pink Sauce Pasta, Salsa, Veg Supreme Pizza","Cafe, Mexican, Italian",800
Gustoes Beer House,No,No,4.1,868,080 49653521,Banashankari,Pub,"Beer, Wedges, Pizza, Nachos, Salads, Papaya Salad, Buffalo Wings","Continental, Italian, Mexican, North Indian, Chinese, Steak","1,200"
Gustoes Beer House,No,No,4.1,868,080 49653521,Banashankari,Pub,"Beer, Wedges, Pizza, Nachos, Salads, Papaya Salad, Buffalo Wings","Continental, Italian, Mexican, North Indian, Chinese, Steak","1,200"
Gustoes Beer House,No,No,4.1,868,080 49653521,Banashankari,Pub,"Beer, Wedges, Pizza, Nachos, Salads, Papaya Salad, Buffalo Wings","Continental, Italian, Mexican, North Indian, Chinese, Steak","1,200"
Gustoes Beer House,No,No,4.1,868,080 49653521,Banashankari,Pub,"Beer, Wedges, Pizza, Nachos, Salads, Papaya Salad, Buffalo Wings","Continental, Italian, Mexican, North Indian, Chinese, Steak","1,200"
Gustoes Beer House,No,No,4.1,868,080 49653521,Banashankari,Pub,"Beer, Wedges, Pizza, Nachos, Salads, Papaya Salad, Buffalo Wings","Continental, Italian, Mexican, North Indian, Chinese, Steak","1,200"
Gustoes Beer House,No,No,4.1,868,080 49653521,Banashankari,Pub,"Beer, Wedges, Pizza, Nachos, Salads, Papaya Salad, Buffalo Wings","Continental, Italian, Mexican, North Indian, Chinese, Steak","1,200"
Spice Elephant,Yes,No,4.1,787,080 41714161,Banashankari,Casual Dining,"Momos, Lunch Buffet, Chocolate Nirvana, Thai Green Curry, Paneer Tikka, Dum Biryani, Chicken Biryani","Chinese, North Indian, Thai",800
Spice Elephant,Yes,No,4.1,787,080 41714161,Banashankari,Casual Dining,"Momos, Lunch Buffet, Chocolate Nirvana, Thai Green Curry, Paneer Tikka, Dum Biryani, Chicken Biryani","Chinese, North Indian, Thai",800
Spice Elephant,Yes,No,4.1,787,080 41714161,Banashankari,Casual Dining,"Momos, Lunch Buffet, Chocolate Nirvana, Thai Green Curry, Paneer Tikka, Dum Biryani, Chicken Biryani","Chinese, North Indian, Thai",800
Spice Elephant,Yes,No,4.1,787,080 41714161,Banashankari,Casual Dining,"Momos, Lunch Buffet, Chocolate Nirvana, Thai Green Curry, Paneer Tikka, Dum Biryani, Chicken Biryani","Chinese, North Indian, Thai",800
Anna Kuteera,Yes,No,4.0,771,+91 9620009302,Banashankari,Casual Dining,"Panner Tikka, Kulfi, Coffee, Pav Bhaji, Carrot Halwa, Fried Rice, Set Dosa","South Indian, North Indian, Chinese",450
Anna Kuteera,Yes,No,4.0,771,+91 9620009302,Banashankari,Casual Dining,"Panner Tikka, Kulfi, Coffee, Pav Bhaji, Carrot Halwa, Fried Rice, Set Dosa","South Indian, North Indian, Chinese",450
Anna Kuteera,Yes,No,4.0,771,+91 9620009302,Banashankari,Casual Dining,"Panner Tikka, Kulfi, Coffee, Pav Bhaji, Carrot Halwa, Fried Rice, Set Dosa","South Indian, North Indian, Chinese",450
Taaza Thindi,No,No,4.7,651,080 49510845,Banashankari,Quick Bites,"Masala Dosa, Vada, Upma, Filter Coffee, Kesari Bath, Idli Chutney, Kharabath",South Indian,100
FreshMenu,Yes,No,3.9,627,080 40424242,Banashankari,Delivery,"Salads, Sandwiches, Salad, Thai Rice, Pasta, Noodles, Pizza","Healthy Food, Chinese, Biryani, North Indian, Continental, Salad, American, Burger",450
FreshMenu,Yes,No,3.9,627,080 40424242,Banashankari,Delivery,"Salads, Sandwiches, Salad, Thai Rice, Pasta, Noodles, Pizza","Healthy Food, Chinese, Biryani, North Indian, Continental, Salad, American, Burger",450
The Biryani Cafe,No,No,4.1,520,+91 7010846043,Banashankari,Quick Bites,"Vegetable Biryani, Ginger Chicken, Chicken Biryani, Donne Biryani, Chicken Kebab, Egg Bhurji, Dum Biryani","Biryani, Chinese, Kebab",300
The Biryani Cafe,No,No,4.1,520,+91 7010846043,Banashankari,Quick Bites,"Vegetable Biryani, Ginger Chicken, Chicken Biryani, Donne Biryani, Chicken Kebab, Egg Bhurji, Dum Biryani","Biryani, Chinese, Kebab",300
Foodiction,Yes,No,2.8,506,+91 9916107070,Banashankari,Quick Bites,"Burgers, Lassi, Chicken Grill, Naan, Momos, Chicken Burger, Biryani","North Indian, Fast Food, Chinese, Burger",500
Foodiction,Yes,No,2.8,506,+91 9916107070,Banashankari,Quick Bites,"Burgers, Lassi, Chicken Grill, Naan, Momos, Chicken Burger, Biryani","North Indian, Fast Food, Chinese, Burger",500
KFC,Yes,No,3.8,505,080 33994444,Banashankari,Quick Bites,"Burgers, French Fries","Burger, Fast Food",450
KFC,Yes,No,3.8,505,080 33994444,Banashankari,Quick Bites,"Burgers, French Fries","Burger, Fast Food",450
KFC,Yes,No,3.8,505,080 33994444,Banashankari,Quick Bites,"Burgers, French Fries","Burger, Fast Food",450
Caf-Eleven,No,No,4.0,424,080 49577715,Banashankari,Cafe,"Sandwich, Omelette, Ice Tea, Virgin Mojito, Hot Chocolate, Pasta Arrabiata, Hazelnut Cappuccino","Cafe, Continental",450
Caf-Eleven,No,No,4.0,424,080 49577715,Banashankari,Cafe,"Sandwich, Omelette, Ice Tea, Virgin Mojito, Hot Chocolate, Pasta Arrabiata, Hazelnut Cappuccino","Cafe, Continental",450
Faasos,Yes,No,4.2,415,+91 7700020020,Banashankari,Quick Bites,"Rolls, Veggie Wrap, Chocolate Fantasy, Rice Bowls, Chicken Rice, Paneer Makhanwala, Chicken Tikka Wrap","North Indian, Biryani, Fast Food",500
Faasos,Yes,No,4.2,415,+91 7700020020,Banashankari,Quick Bites,"Rolls, Veggie Wrap, Chocolate Fantasy, Rice Bowls, Chicken Rice, Paneer Makhanwala, Chicken Tikka Wrap","North Indian, Biryani, Fast Food",500
Faasos,Yes,No,4.2,415,+91 7700020020,Banashankari,Quick Bites,"Rolls, Veggie Wrap, Chocolate Fantasy, Rice Bowls, Chicken Rice, Paneer Makhanwala, Chicken Tikka Wrap","North Indian, Biryani, Fast Food",500
Sea Spice by 7 Star,Yes,Yes,4.0,350,080 49653393,Banashankari,Casual Dining,"Sea Food, Neer Dosa, Anjal Masala Fry, Coconut Pudding, Chicken Biryani, Roti, Fish Curry","Seafood, Biryani, Beverages, South Indian, North Indian, Kebab","1,200"
Sea Spice by 7 Star,Yes,Yes,4.0,350,080 49653393,Banashankari,Casual Dining,"Sea Food, Neer Dosa, Anjal Masala Fry, Coconut Pudding, Chicken Biryani, Roti, Fish Curry","Seafood, Biryani, Beverages, South Indian, North Indian, Kebab","1,200"
Sea Spice by 7 Star,Yes,Yes,4.0,349,080 49653393,Banashankari,Casual Dining,"Sea Food, Neer Dosa, Anjal Masala Fry, Coconut Pudding, Chicken Biryani, Roti, Fish Curry","Seafood, Biryani, Beverages, South Indian, North Indian, Kebab","1,200"
Sea Spice by 7 Star,Yes,Yes,4.0,349,080 49653393,Banashankari,Casual Dining,"Sea Food, Neer Dosa, Anjal Masala Fry, Coconut Pudding, Chicken Biryani, Roti, Fish Curry","Seafood, Biryani, Beverages, South Indian, North Indian, Kebab","1,200"
Sea Spice by 7 Star,Yes,Yes,4.0,349,080 49653393,Banashankari,Casual Dining,"Sea Food, Neer Dosa, Anjal Masala Fry, Coconut Pudding, Chicken Biryani, Roti, Fish Curry","Seafood, Biryani, Beverages, South Indian, North Indian, Kebab","1,200"
Sri Laxmi Venkateshwara Coffee Bar,No,No,4.4,344,+91 8971691805,Banashankari,Quick Bites,"Masala Dosa, Idli Chutney, Kharabath, Filter Coffee, Kesari Bath, Idli Vada, Maddur Vada",South Indian,100
Sri Laxmi Venkateshwara Coffee Bar,No,No,4.4,343,+91 8971691805,Banashankari,Quick Bites,"Masala Dosa, Idli Chutney, Kharabath, Filter Coffee, Kesari Bath, Idli Vada, Maddur Vada",South Indian,100
Sri Laxmi Venkateshwara Coffee Bar,No,No,4.4,343,+91 8971691805,Banashankari,Quick Bites,"Masala Dosa, Idli Chutney, Kharabath, Filter Coffee, Kesari Bath, Idli Vada, Maddur Vada",South Indian,100
BOX8- Desi Meals,Yes,No,4.1,340,022 33552698,Banashankari,"Takeaway, Delivery","Paratha, Mughlai Chicken, Masala Lemonade, Butter Chicken, Rajma, Sandwich, Salad","North Indian, Mughlai, Fast Food",500
Bengaluru Coffee House,Yes,No,4.1,201,+91 9740180090,Banashankari,Quick Bites,"Masala Dosa, Tirupathi Pongal, Filter Coffee, Vada, Kharabath, Kali Dosa, Rava Idli","South Indian, North Indian, Chinese, Street Food",300
Bengaluru Coffee House,Yes,No,4.1,201,+91 9740180090,Banashankari,Quick Bites,"Masala Dosa, Tirupathi Pongal, Filter Coffee, Vada, Kharabath, Kali Dosa, Rava Idli","South Indian, North Indian, Chinese, Street Food",300
Bengaluru Coffee House,Yes,No,4.1,201,+91 9740180090,Banashankari,Quick Bites,"Masala Dosa, Tirupathi Pongal, Filter Coffee, Vada, Kharabath, Kali Dosa, Rava Idli","South Indian, North Indian, Chinese, Street Food",300
SLV Swadishta,No,No,3.8,191,+91 9900166783,Banashankari,Quick Bites,"Coffee, Jeera Rice, Masala Dosa, Set Dosa, Neer Dosa",South Indian,300
SLV Swadishta,No,No,3.8,189,+91 9900166783,Banashankari,Quick Bites,"Coffee, Jeera Rice, Masala Dosa, Neer Dosa",South Indian,300
SLV Swadishta,No,No,3.8,189,+91 9900166783,Banashankari,Quick Bites,"Coffee, Jeera Rice, Masala Dosa, Neer Dosa",South Indian,300
Woodee Pizza,Yes,No,3.7,180,+91 7406822844,Banashankari,Cafe,"Pizza, Garlic Bread","Cafe, Pizza, Fast Food, Beverages",500
Woodee Pizza,Yes,No,3.7,180,+91 7406822844,Banashankari,Cafe,"Pizza, Garlic Bread","Cafe, Pizza, Fast Food, Beverages",500
Mojo Pizza - 2X Toppings,Yes,No,4.2,179,022 33252828,Banashankari,Delivery,"Veggie Pizza, Garlic Bread, Lava Cake, Chocolava, Spicy Paneer",Pizza,600
Ovenstory Pizza,Yes,No,3.9,172,+91 7738383000,Banashankari,Delivery,"Paneer Tikka, Garlic Bread, Thin Crust Pizza, Falafel, Veggie Pizza",Pizza,750
Ovenstory Pizza,Yes,No,3.9,172,+91 7738383000,Banashankari,Delivery,"Paneer Tikka, Garlic Bread, Thin Crust Pizza, Falafel, Veggie Pizza",Pizza,750
Ovenstory Pizza,Yes,No,3.9,172,+91 7738383000,Banashankari,Delivery,"Paneer Tikka, Garlic Bread, Thin Crust Pizza, Falafel, Veggie Pizza",Pizza,750
The Coffee Shack,Yes,Yes,4.2,164,+91 9731644212,Banashankari,Cafe,"Coffee, Spaghetti, Pancakes, Nachos, Pasta, Sandwich, Garlic Bread","Cafe, Chinese, Continental, Italian",500
The Coffee Shack,Yes,Yes,4.2,164,+91 9731644212,Banashankari,Cafe,"Coffee, Spaghetti, Pancakes, Nachos, Pasta, Sandwich, Garlic Bread","Cafe, Chinese, Continental, Italian",500
The Coffee Shack,Yes,Yes,4.2,164,+91 9731644212,Banashankari,Cafe,"Coffee, Spaghetti, Pancakes, Nachos, Pasta, Sandwich, Garlic Bread","Cafe, Chinese, Continental, Italian",500
Cafe Shuffle,Yes,Yes,4.2,153,+91 9742166777,Banashankari,Cafe,"Mocktails, Peri Fries, Lasagne, Pizza, Chicken Bbq Wings, Virgin Mojito, Nachos","Cafe, Italian, Continental",600
Cafe Shuffle,Yes,Yes,4.2,152,+91 9742166777,Banashankari,Cafe,"Mocktails, Peri Fries, Lasagne, Pizza, Chicken Bbq Wings, Virgin Mojito, Nachos","Cafe, Italian, Continental",600
Cafe Shuffle,Yes,Yes,4.2,150,+91 9742166777,Banashankari,Cafe,"Mocktails, Peri Fries, Lasagne, Pizza, Chicken Bbq Wings, Virgin Mojito, Nachos","Cafe, Italian, Continental",600
Cafe Shuffle,Yes,Yes,4.2,150,+91 9742166777,Banashankari,Cafe,"Mocktails, Peri Fries, Lasagne, Pizza, Chicken Bbq Wings, Virgin Mojito, Nachos","Cafe, Italian, Continental",600
Cafe Shuffle,Yes,Yes,4.2,150,+91 9742166777,Banashankari,Cafe,"Mocktails, Peri Fries, Lasagne, Pizza, Chicken Bbq Wings, Virgin Mojito, Nachos","Cafe, Italian, Continental",600
Cafe Shuffle,Yes,Yes,4.2,150,+91 9742166777,Banashankari,Cafe,"Mocktails, Peri Fries, Lasagne, Pizza, Chicken Bbq Wings, Virgin Mojito, Nachos","Cafe, Italian, Continental",600
Cafe Shuffle,Yes,Yes,4.2,150,+91 9742166777,Banashankari,Cafe,"Mocktails, Peri Fries, Lasagne, Pizza, Chicken Bbq Wings, Virgin Mojito, Nachos","Cafe, Italian, Continental",600
Cafe Shuffle,Yes,Yes,4.2,150,+91 9742166777,Banashankari,Cafe,"Mocktails, Peri Fries, Lasagne, Pizza, Chicken Bbq Wings, Virgin Mojito, Nachos","Cafe, Italian, Continental",600
Frozen Bottle,Yes,No,4.2,147,080 48664811,Banashankari,Beverage Shop,"Berryblast, Waffles, Cheesecake, Salted Caramel","Beverages, Desserts, Ice Cream",400
Frozen Bottle,Yes,No,4.2,146,080 48664811,Banashankari,Beverage Shop,"Berryblast, Waffles, Cheesecake, Salted Caramel","Beverages, Desserts, Ice Cream",400
Frozen Bottle,Yes,No,4.2,146,080 48664811,Banashankari,Beverage Shop,"Berryblast, Waffles, Cheesecake, Salted Caramel","Beverages, Desserts, Ice Cream",400
Mane Thindi,No,No,3.7,130,+91 9964410276,Banashankari,Quick Bites,"Coffee, Tea, Kesari Bath, Open Dosa, Vada, Idli, Bread Dosa",South Indian,200
Mane Thindi,No,No,3.7,130,+91 9964410276,Banashankari,Quick Bites,"Coffee, Tea, Kesari Bath, Open Dosa, Vada, Idli, Bread Dosa",South Indian,200
Polar Bear,Yes,No,3.9,116,080 45128775,Banashankari,Dessert Parlor,"Sandwiches, Hot Chocolate Fudge, Strawberry Milkshake","Ice Cream, Desserts, Beverages, Sandwich",400
Darbar,No,No,3.0,98,+91 8861271465,Banashankari,Bar,"Paneer Tikka, Dal Kichadi, French Fries","North Indian, Chinese",800
Darbar,No,No,3.0,98,+91 8861271465,Banashankari,Bar,"Paneer Tikka, Dal Kichadi, French Fries","North Indian, Chinese",800
Darbar,No,No,3.0,98,+91 8861271465,Banashankari,Bar,"Paneer Tikka, Dal Kichadi, French Fries","North Indian, Chinese",800
Darbar,No,No,3.0,98,+91 8861271465,Banashankari,Bar,"Paneer Tikka, Dal Kichadi, French Fries","North Indian, Chinese",800
Darbar,No,No,3.0,98,+91 8861271465,Banashankari,Bar,"Paneer Tikka, Dal Kichadi, French Fries","North Indian, Chinese",800
Darbar,No,No,3.0,98,+91 8861271465,Banashankari,Bar,"Paneer Tikka, Dal Kichadi, French Fries","North Indian, Chinese",800
Darbar,No,No,3.0,98,+91 8861271465,Banashankari,Bar,"Paneer Tikka, Dal Kichadi, French Fries","North Indian, Chinese",800
Darbar,No,No,3.0,98,+91 8861271465,Banashankari,Bar,"Paneer Tikka, Dal Kichadi, French Fries","North Indian, Chinese",800
Darbar,No,No,3.0,98,+91 8861271465,Banashankari,Bar,"Paneer Tikka, Dal Kichadi, French Fries","North Indian, Chinese",800
SLV Refreshment,No,No,4.1,94,+91 9480243556,Banashankari,Quick Bites,"Coffee, Masala Dosa, Kharabath, Idli Vada, Kesari Bath",South Indian,100
SLV Refreshment,No,No,4.1,94,+91 9480243556,Banashankari,Quick Bites,"Coffee, Masala Dosa, Kharabath, Idli Vada, Kesari Bath",South Indian,100
T3H Cafe,No,No,3.9,93,+91 8884726600,Banashankari,Cafe,"Cheese Maggi, Peri Peri Fries, Pasta Arrabiata","Cafe, Italian, American",300
T3H Cafe,No,No,3.9,93,+91 8884726600,Banashankari,Cafe,"Cheese Maggi, Peri Peri Fries, Pasta Arrabiata","Cafe, Italian, American",300
Hotel Mangala,No,No,3.9,88,+91 9480126092,Banashankari,Quick Bites,"Khali Dosa, Kali Dosa, Masala Dosa, Vada Sambar",South Indian,250
Hotel Mangala,No,No,3.9,88,+91 9480126092,Banashankari,Quick Bites,"Khali Dosa, Kali Dosa, Masala Dosa, Vada Sambar",South Indian,250
Addhuri Udupi Bhojana,No,No,3.7,88,+91 9620009302,Banashankari,Quick Bites,Masala Dosa,"South Indian, North Indian",300
Addhuri Udupi Bhojana,No,No,3.7,88,+91 9620009302,Banashankari,Quick Bites,Masala Dosa,"South Indian, North Indian",300
Pizza Stop,Yes,No,3.0,87,080 46640404,Banashankari,Quick Bites,"Garlic Bread, Pasta, Nachos, Salsa, Thin Crust Pizza","Pizza, Italian",600
Matru Sagar,Yes,No,3.6,84,+91 9972368854,Banashankari,Quick Bites,"Coffee, Masala Dosa","South Indian, North Indian, Chinese",250
Matru Sagar,Yes,No,3.6,84,+91 9972368854,Banashankari,Quick Bites,"Coffee, Masala Dosa","South Indian, North Indian, Chinese",250
Matru Sagar,Yes,No,3.6,84,+91 9972368854,Banashankari,Quick Bites,"Coffee, Masala Dosa","South Indian, North Indian, Chinese",250
Matru Sagar,Yes,No,3.6,84,+91 9972368854,Banashankari,Quick Bites,"Coffee, Masala Dosa","South Indian, North Indian, Chinese",250
Juicy Momos,Yes,No,3.5,80,+91 9538550509,Banashankari,Quick Bites,"Rolls, Burgers, Juicy Momos, Chicken Momo, Chocolate Momos, Mushroom Momo, Paneer Momos","Tibetan, Momos",250
Juicy Momos,Yes,No,3.5,80,+91 9538550509,Banashankari,Quick Bites,"Rolls, Burgers, Juicy Momos, Chicken Momo, Chocolate Momos, Mushroom Momo, Paneer Momos","Tibetan, Momos",250
Juicy Momos,Yes,No,3.5,80,+91 9538550509,Banashankari,Quick Bites,"Rolls, Burgers, Juicy Momos, Chicken Momo, Chocolate Momos, Mushroom Momo, Paneer Momos","Tibetan, Momos",250
Juicy Momos,Yes,No,3.5,80,+91 9538550509,Banashankari,Quick Bites,"Rolls, Burgers, Juicy Momos, Chicken Momo, Chocolate Momos, Mushroom Momo, Paneer Momos","Tibetan, Momos",250
Juicy Momos,Yes,No,3.5,80,+91 9538550509,Banashankari,Quick Bites,"Rolls, Burgers, Juicy Momos, Chicken Momo, Chocolate Momos, Mushroom Momo, Paneer Momos","Tibetan, Momos",250
Ruchis Point,Yes,No,3.8,75,+91 9901999970,Banashankari,Quick Bites,"Sandwiches, Noodles, Sandwich","Fast Food, Chinese",200
Ruchis Point,Yes,No,3.8,75,+91 9901999970,Banashankari,Quick Bites,"Sandwiches, Noodles, Sandwich","Fast Food, Chinese",200
Ruchis Point,Yes,No,3.8,75,+91 9901999970,Banashankari,Quick Bites,"Sandwiches, Noodles, Sandwich","Fast Food, Chinese",200
Messy Bowl,No,No,3.5,73,+91 8553453196,Banashankari,Quick Bites,"Tandoori Maggi, Paneer Sizzler, Pasta, Pizza, Butter Garlic Fries, Peri Peri Maggi, Garlic Maggi","Fast Food, Beverages",500
New Sagar Fast Food,No,No,3.6,71,080 26917517,Banashankari,Quick Bites,"Vegetable Biryani, Masala Dosa, Kulcha, Masala Papad, Tomato Soup","North Indian, South Indian",250
New Sagar Fast Food,No,No,3.6,71,080 26917517,Banashankari,Quick Bites,"Vegetable Biryani, Masala Dosa, Kulcha, Masala Papad, Tomato Soup","North Indian, South Indian",250
Waffle-A-Go Go,Yes,No,3.9,70,+91 9900281611,Banashankari,Dessert Parlor,Waffles,"Fast Food, Desserts, Ice Cream",400
Waffle-A-Go Go,Yes,No,3.9,70,+91 9900281611,Banashankari,Dessert Parlor,Waffles,"Fast Food, Desserts, Ice Cream",400
Waffle-A-Go Go,Yes,No,3.9,70,+91 9900281611,Banashankari,Dessert Parlor,Waffles,"Fast Food, Desserts, Ice Cream",400
Waffle-A-Go Go,Yes,No,3.9,70,+91 9900281611,Banashankari,Dessert Parlor,Waffles,"Fast Food, Desserts, Ice Cream",400
Waffle-A-Go Go,Yes,No,3.9,70,+91 9900281611,Banashankari,Dessert Parlor,Waffles,"Fast Food, Desserts, Ice Cream",400
Waffle-A-Go Go,Yes,No,3.9,70,+91 9900281611,Banashankari,Dessert Parlor,Waffles,"Fast Food, Desserts, Ice Cream",400
Waffle-A-Go Go,Yes,No,3.9,70,+91 9900281611,Banashankari,Dessert Parlor,Waffles,"Fast Food, Desserts, Ice Cream",400
Janahaar,Yes,No,3.8,70,+91 9740290589,Banashankari,Quick Bites,"Masala Dosa, Idli, Filter Coffee, Medu Dosa",South Indian,100
Messy Bowl,No,No,3.8,70,+91 8553453196,Banashankari,Quick Bites,"Tandoori Maggi, Paneer Sizzler, Pasta, Pizza, Butter Garlic Fries, Peri Peri Maggi, Garlic Maggi","Fast Food, Beverages",500
Janahaar,Yes,No,3.8,70,+91 9740290589,Banashankari,Quick Bites,"Masala Dosa, Idli, Filter Coffee, Medu Dosa",South Indian,100
Janahaar,Yes,No,3.8,70,+91 9740290589,Banashankari,Quick Bites,"Masala Dosa, Idli, Filter Coffee, Medu Dosa",South Indian,100
Messy Bowl,No,No,3.8,70,+91 8553453196,Banashankari,Quick Bites,"Tandoori Maggi, Paneer Sizzler, Pasta, Pizza, Butter Garlic Fries, Peri Peri Maggi, Garlic Maggi","Fast Food, Beverages",500
Chatar Patar,No,No,3.7,65,+91 7619353103,Banashankari,Quick Bites,"Panipuri, Chaat, Noodles, Dahi Bhalle","Fast Food, Street Food",300
Chatar Patar,No,No,3.7,65,+91 7619353103,Banashankari,Quick Bites,"Panipuri, Chaat, Noodles, Dahi Bhalle","Fast Food, Street Food",300
Chatar Patar,No,No,3.7,65,+91 7619353103,Banashankari,Quick Bites,"Panipuri, Chaat, Noodles, Dahi Bhalle","Fast Food, Street Food",300
Chatar Patar,No,No,3.7,65,+91 7619353103,Banashankari,Quick Bites,"Panipuri, Chaat, Noodles, Dahi Bhalle","Fast Food, Street Food",300
Chatar Patar,No,No,3.7,65,+91 7619353103,Banashankari,Quick Bites,"Panipuri, Chaat, Noodles, Dahi Bhalle","Fast Food, Street Food",300
Chatar Patar,No,No,3.6,65,+91 7619353103,Banashankari,Quick Bites,"Panipuri, Chaat, Noodles, Dahi Bhalle","Fast Food, Street Food",300
Iyer's Tiffin Centre,No,No,3.8,62,+91 9986669388,Banashankari,Quick Bites,"Kesari Bath, Masala Dosa","South Indian, Chinese",150
Iyer's Tiffin Centre,No,No,3.8,62,+91 9986669388,Banashankari,Quick Bites,"Kesari Bath, Masala Dosa","South Indian, Chinese",150
Utsav,Yes,No,3.7,59,+91 9632695401,Banashankari,Quick Bites,"Paratha, Kachori, Tea, Lassi, Samosa, Vada Pav","North Indian, Street Food",200
Utsav,Yes,No,3.7,59,+91 9632695401,Banashankari,Quick Bites,"Paratha, Kachori, Tea, Lassi, Samosa, Vada Pav","North Indian, Street Food",200
Utsav,Yes,No,3.7,59,+91 9632695401,Banashankari,Quick Bites,"Paratha, Kachori, Tea, Lassi, Samosa, Vada Pav","North Indian, Street Food",200
Firangi Bake,Yes,No,4.0,53,+91 7710090007,Banashankari,Delivery,"Minced Chicken Lasagne, Chicken Steak","Mexican, Italian",600
Firangi Bake,Yes,No,4.0,53,+91 7710090007,Banashankari,Delivery,"Minced Chicken Lasagne, Chicken Steak","Mexican, Italian",600
Kavali,No,No,4.0,42,+91 9900998811,Banashankari,Quick Bites,"Cheese Dosa, Chocolate Dosa, Corn Dosa, Pesarattu, Bread Dosa","South Indian, Street Food",300
Kavali,No,No,4.0,42,+91 9900998811,Banashankari,Quick Bites,"Cheese Dosa, Chocolate Dosa, Corn Dosa, Pesarattu, Bread Dosa","South Indian, Street Food",300
Old Mumbai Ice Cream,Yes,No,4.0,38,080 49652445,Banashankari,Dessert Parlor,Friendly Staff,Ice Cream,150
Old Mumbai Ice Cream,Yes,No,3.9,38,080 49652445,Banashankari,Dessert Parlor,Friendly Staff,Ice Cream,150
Old Mumbai Ice Cream,Yes,No,3.9,38,080 49652445,Banashankari,Dessert Parlor,Friendly Staff,Ice Cream,150
Old Mumbai Ice Cream,Yes,No,3.9,38,080 49652445,Banashankari,Dessert Parlor,Friendly Staff,Ice Cream,150
Pizza Mane,Yes,No,3.5,32,+91 9886212159,Banashankari,Quick Bites,"French Fries, Burgers","Pizza, Sandwich, Burger, Fast Food",150
Pizza Mane,Yes,No,3.5,32,+91 9886212159,Banashankari,Quick Bites,"French Fries, Burgers","Pizza, Sandwich, Burger, Fast Food",150
